{
  "id": "2000510",
  "name": "no name",
  "font_family": "iconfont",
  "css_prefix_text": "icon-",
  "description": "",
  "glyphs": [
    {
      "icon_id": "1236807",
      "name": "收藏夹",
      "font_class": "02",
      "unicode": "e606",
      "unicode_decimal": 58886
    },
    {
      "icon_id": "1306",
      "name": "购物车空",
      "font_class": "gouwuchekong",
      "unicode": "e600",
      "unicode_decimal": 58880
    },
    {
      "icon_id": "2161",
      "name": "收藏夹",
      "font_class": "shoucangjia",
      "unicode": "e601",
      "unicode_decimal": 58881
    },
    {
      "icon_id": "351772",
      "name": "搜索",
      "font_class": "sousuo",
      "unicode": "e620",
      "unicode_decimal": 58912
    },
    {
      "icon_id": "826095",
      "name": "导航",
      "font_class": "daohang",
      "unicode": "e602",
      "unicode_decimal": 58882
    },
    {
      "icon_id": "2210060",
      "name": "导航",
      "font_class": "daohang1",
      "unicode": "e62b",
      "unicode_decimal": 58923
    },
    {
      "icon_id": "7974081",
      "name": "相机",
      "font_class": "xiangji",
      "unicode": "e603",
      "unicode_decimal": 58883
    }
  ]
}
